{
    "accuracy": 0.50424,
    "recall": 0.4812596130494617,
    "precision": 0.49828178694158076
}